Kode Menu,Kombinasi Menu,Kode Umur,Kode Frekuensi,calories_kcal,fats_g,sod_mg,carb_g,fiber_g,sugar_g,protein_g,vitA_g,calcium_mg,thiamin_mg,zinc_mg,potassium_mg,magnesium_mg,vitE_mg,vitK_mcg,vitC_mg,vitB6_mg,copper_mg,carotene_mg,carotene_mcg,cryptoxanthin_mcg,lycopene_mcg,cholesterol_mg
M11,"Bubur beras, ayam, bayam",B1,F1,180.0,6.0,90.0,25.0,2.5,3.5,7.5,0.14,70.0,0.09,1.0,280.0,28.0,0.9,18.0,9.0,0.25,0.09,180.0,180.0,40.0,0.0,25.0
M12,"Bubur kentang, hati ayam, wortel",B1,F1,180.0,6.0,90.0,25.0,2.5,3.5,7.5,0.14,70.0,0.09,1.0,280.0,28.0,0.9,18.0,9.0,0.25,0.09,180.0,180.0,40.0,0.0,25.0
M13,"Nasi tim halus, ikan, labu siam",B1,F1,180.0,6.0,90.0,25.0,2.5,3.5,7.5,0.14,70.0,0.09,1.0,280.0,28.0,0.9,18.0,9.0,0.25,0.09,180.0,180.0,40.0,0.0,25.0
M14,"Bubur beras merah, tahu, brokoli",B1,F1,180.0,6.0,90.0,25.0,2.5,3.5,7.5,0.14,70.0,0.09,1.0,280.0,28.0,0.9,18.0,9.0,0.25,0.09,180.0,180.0,40.0,0.0,25.0
M15,"Bubur kacang hijau, pisang",B1,F1,180.0,6.0,90.0,25.0,2.5,3.5,7.5,0.14,70.0,0.09,1.0,280.0,28.0,0.9,18.0,9.0,0.25,0.09,180.0,180.0,40.0,0.0,25.0
M16,"Pure kentang, daging ayam, bayam",B1,F1,180.0,6.0,90.0,25.0,2.5,3.5,7.5,0.14,70.0,0.09,1.0,280.0,28.0,0.9,18.0,9.0,0.25,0.09,180.0,180.0,40.0,0.0,25.0
M17,"Bubur jagung, tempe, wortel",B1,F1,180.0,6.0,90.0,25.0,2.5,3.5,7.5,0.14,70.0,0.09,1.0,280.0,28.0,0.9,18.0,9.0,0.25,0.09,180.0,180.0,40.0,0.0,25.0
M18,"Bubur nasi, telur, daun katuk",B1,F1,180.0,6.0,90.0,25.0,2.5,3.5,7.5,0.14,70.0,0.09,1.0,280.0,28.0,0.9,18.0,9.0,0.25,0.09,180.0,180.0,40.0,0.0,25.0
M19,"Tim labu kuning, ayam, brokoli",B1,F1,180.0,6.0,90.0,25.0,2.5,3.5,7.5,0.14,70.0,0.09,1.0,280.0,28.0,0.9,18.0,9.0,0.25,0.09,180.0,180.0,40.0,0.0,25.0
M20,"Bubur ubi, ikan, buncis",B1,F1,180.0,6.0,90.0,25.0,2.5,3.5,7.5,0.14,70.0,0.09,1.0,280.0,28.0,0.9,18.0,9.0,0.25,0.09,180.0,180.0,40.0,0.0,25.0
M21,"Nasi lembek, tahu, sawi",B1,F1,180.0,6.0,90.0,25.0,2.5,3.5,7.5,0.14,70.0,0.09,1.0,280.0,28.0,0.9,18.0,9.0,0.25,0.09,180.0,180.0,40.0,0.0,25.0
M22,"Pure wortel, hati ayam, kentang",B1,F1,180.0,6.0,90.0,25.0,2.5,3.5,7.5,0.14,70.0,0.09,1.0,280.0,28.0,0.9,18.0,9.0,0.25,0.09,180.0,180.0,40.0,0.0,25.0
M23,"Bubur kacang merah, tempe, bayam",B1,F1,180.0,6.0,90.0,25.0,2.5,3.5,7.5,0.14,70.0,0.09,1.0,280.0,28.0,0.9,18.0,9.0,0.25,0.09,180.0,180.0,40.0,0.0,25.0
M24,"Tim beras merah, ayam, tomat",B1,F1,180.0,6.0,90.0,25.0,2.5,3.5,7.5,0.14,70.0,0.09,1.0,280.0,28.0,0.9,18.0,9.0,0.25,0.09,180.0,180.0,40.0,0.0,25.0
M25,"Bubur havermut, pisang, susu",B1,F1,180.0,6.0,90.0,25.0,2.5,3.5,7.5,0.14,70.0,0.09,1.0,280.0,28.0,0.9,18.0,9.0,0.25,0.09,180.0,180.0,40.0,0.0,25.0
M26,"Bubur singkong, ikan, wortel",B1,F1,180.0,6.0,90.0,25.0,2.5,3.5,7.5,0.14,70.0,0.09,1.0,280.0,28.0,0.9,18.0,9.0,0.25,0.09,180.0,180.0,40.0,0.0,25.0
M27,"Pure jagung, tahu, brokoli",B1,F1,180.0,6.0,90.0,25.0,2.5,3.5,7.5,0.14,70.0,0.09,1.0,280.0,28.0,0.9,18.0,9.0,0.25,0.09,180.0,180.0,40.0,0.0,25.0
M28,"Bubur nasi, tempe, labu siam",B1,F1,180.0,6.0,90.0,25.0,2.5,3.5,7.5,0.14,70.0,0.09,1.0,280.0,28.0,0.9,18.0,9.0,0.25,0.09,180.0,180.0,40.0,0.0,25.0
M29,"Tim kentang, hati ayam, bayam",B1,F1,180.0,6.0,90.0,25.0,2.5,3.5,7.5,0.14,70.0,0.09,1.0,280.0,28.0,0.9,18.0,9.0,0.25,0.09,180.0,180.0,40.0,0.0,25.0
M30,"Nasi tim lembut, telur, tomat",B1,F1,180.0,6.0,90.0,25.0,2.5,3.5,7.5,0.14,70.0,0.09,1.0,280.0,28.0,0.9,18.0,9.0,0.25,0.09,180.0,180.0,40.0,0.0,25.0
M31,"Bubur ubi ungu, ayam, wortel",B1,F1,180.0,6.0,90.0,25.0,2.5,3.5,7.5,0.14,70.0,0.09,1.0,280.0,28.0,0.9,18.0,9.0,0.25,0.09,180.0,180.0,40.0,0.0,25.0
M32,"Bubur beras putih, tahu, bayam",B1,F1,180.0,6.0,90.0,25.0,2.5,3.5,7.5,0.14,70.0,0.09,1.0,280.0,28.0,0.9,18.0,9.0,0.25,0.09,180.0,180.0,40.0,0.0,25.0
M33,"Bubur singkong, daging ayam, brokoli",B1,F1,180.0,6.0,90.0,25.0,2.5,3.5,7.5,0.14,70.0,0.09,1.0,280.0,28.0,0.9,18.0,9.0,0.25,0.09,180.0,180.0,40.0,0.0,25.0
M34,"Pure kentang, ikan, wortel",B1,F1,180.0,6.0,90.0,25.0,2.5,3.5,7.5,0.14,70.0,0.09,1.0,280.0,28.0,0.9,18.0,9.0,0.25,0.09,180.0,180.0,40.0,0.0,25.0
M35,"Bubur beras merah, tempe, tomat",B1,F1,180.0,6.0,90.0,25.0,2.5,3.5,7.5,0.14,70.0,0.09,1.0,280.0,28.0,0.9,18.0,9.0,0.25,0.09,180.0,180.0,40.0,0.0,25.0
M36,"Bubur oat, pisang, susu",B1,F1,180.0,6.0,90.0,25.0,2.5,3.5,7.5,0.14,70.0,0.09,1.0,280.0,28.0,0.9,18.0,9.0,0.25,0.09,180.0,180.0,40.0,0.0,25.0
M37,"Tim nasi, tahu, bayam",B1,F1,180.0,6.0,90.0,25.0,2.5,3.5,7.5,0.14,70.0,0.09,1.0,280.0,28.0,0.9,18.0,9.0,0.25,0.09,180.0,180.0,40.0,0.0,25.0
M38,"Bubur jagung, ayam, wortel",B1,F1,180.0,6.0,90.0,25.0,2.5,3.5,7.5,0.14,70.0,0.09,1.0,280.0,28.0,0.9,18.0,9.0,0.25,0.09,180.0,180.0,40.0,0.0,25.0
M39,"Tim kentang, tempe, brokoli",B1,F1,180.0,6.0,90.0,25.0,2.5,3.5,7.5,0.14,70.0,0.09,1.0,280.0,28.0,0.9,18.0,9.0,0.25,0.09,180.0,180.0,40.0,0.0,25.0
M40,"Bubur nasi, ikan, sawi",B1,F1,180.0,6.0,90.0,25.0,2.5,3.5,7.5,0.14,70.0,0.09,1.0,280.0,28.0,0.9,18.0,9.0,0.25,0.09,180.0,180.0,40.0,0.0,25.0
M41,"Pure labu, tahu, tomat",B1,F1,180.0,6.0,90.0,25.0,2.5,3.5,7.5,0.14,70.0,0.09,1.0,280.0,28.0,0.9,18.0,9.0,0.25,0.09,180.0,180.0,40.0,0.0,25.0
M42,"Bubur singkong, telur, wortel",B1,F1,180.0,6.0,90.0,25.0,2.5,3.5,7.5,0.14,70.0,0.09,1.0,280.0,28.0,0.9,18.0,9.0,0.25,0.09,180.0,180.0,40.0,0.0,25.0
M43,"Bubur beras putih, hati ayam, bayam",B1,F1,180.0,6.0,90.0,25.0,2.5,3.5,7.5,0.14,70.0,0.09,1.0,280.0,28.0,0.9,18.0,9.0,0.25,0.09,180.0,180.0,40.0,0.0,25.0
M44,"Nasi tim kasar, daging sapi, wortel",B2,F2,220.0,7.0,110.0,30.0,3.0,4.0,9.0,0.18,90.0,0.1,1.2,320.0,35.0,1.2,25.0,12.0,0.35,0.1,220.0,220.0,60.0,0.0,35.0
M45,"Kentang, telur, bayam",B2,F2,220.0,7.0,110.0,30.0,3.0,4.0,9.0,0.18,90.0,0.1,1.2,320.0,35.0,1.2,25.0,12.0,0.35,0.1,220.0,220.0,60.0,0.0,35.0
M46,"Nasi, ayam suwir, brokoli",B2,F2,220.0,7.0,110.0,30.0,3.0,4.0,9.0,0.18,90.0,0.1,1.2,320.0,35.0,1.2,25.0,12.0,0.35,0.1,220.0,220.0,60.0,0.0,35.0
M47,"Bubur kasar, tahu, wortel",B2,F2,220.0,7.0,110.0,30.0,3.0,4.0,9.0,0.18,90.0,0.1,1.2,320.0,35.0,1.2,25.0,12.0,0.35,0.1,220.0,220.0,60.0,0.0,35.0
M48,"Nasi tim, ikan, buncis",B2,F2,220.0,7.0,110.0,30.0,3.0,4.0,9.0,0.18,90.0,0.1,1.2,320.0,35.0,1.2,25.0,12.0,0.35,0.1,220.0,220.0,60.0,0.0,35.0
M49,"Tim nasi, hati ayam, sawi",B2,F2,220.0,7.0,110.0,30.0,3.0,4.0,9.0,0.18,90.0,0.1,1.2,320.0,35.0,1.2,25.0,12.0,0.35,0.1,220.0,220.0,60.0,0.0,35.0
M50,"Nasi tim, tempe, tomat",B2,F2,220.0,7.0,110.0,30.0,3.0,4.0,9.0,0.18,90.0,0.1,1.2,320.0,35.0,1.2,25.0,12.0,0.35,0.1,220.0,220.0,60.0,0.0,35.0
M51,"Ubi, telur orak-arik, bayam",B2,F2,220.0,7.0,110.0,30.0,3.0,4.0,9.0,0.18,90.0,0.1,1.2,320.0,35.0,1.2,25.0,12.0,0.35,0.1,220.0,220.0,60.0,0.0,35.0
M52,"Kentang, ayam suwir, wortel",B2,F2,220.0,7.0,110.0,30.0,3.0,4.0,9.0,0.18,90.0,0.1,1.2,320.0,35.0,1.2,25.0,12.0,0.35,0.1,220.0,220.0,60.0,0.0,35.0
M53,"Nasi lembek, tahu, labu siam",B2,F2,220.0,7.0,110.0,30.0,3.0,4.0,9.0,0.18,90.0,0.1,1.2,320.0,35.0,1.2,25.0,12.0,0.35,0.1,220.0,220.0,60.0,0.0,35.0
M54,"Bubur oat, ayam, brokoli",B2,F2,220.0,7.0,110.0,30.0,3.0,4.0,9.0,0.18,90.0,0.1,1.2,320.0,35.0,1.2,25.0,12.0,0.35,0.1,220.0,220.0,60.0,0.0,35.0
M55,"Nasi, ikan, bayam",B2,F2,220.0,7.0,110.0,30.0,3.0,4.0,9.0,0.18,90.0,0.1,1.2,320.0,35.0,1.2,25.0,12.0,0.35,0.1,220.0,220.0,60.0,0.0,35.0
M56,"Kentang, hati ayam, wortel",B2,F2,220.0,7.0,110.0,30.0,3.0,4.0,9.0,0.18,90.0,0.1,1.2,320.0,35.0,1.2,25.0,12.0,0.35,0.1,220.0,220.0,60.0,0.0,35.0
M57,"Tim jagung, tempe, sawi",B2,F2,220.0,7.0,110.0,30.0,3.0,4.0,9.0,0.18,90.0,0.1,1.2,320.0,35.0,1.2,25.0,12.0,0.35,0.1,220.0,220.0,60.0,0.0,35.0
M58,"Nasi tim, daging cincang, wortel",B2,F2,220.0,7.0,110.0,30.0,3.0,4.0,9.0,0.18,90.0,0.1,1.2,320.0,35.0,1.2,25.0,12.0,0.35,0.1,220.0,220.0,60.0,0.0,35.0
M59,"Bubur nasi, telur, labu kuning",B2,F2,220.0,7.0,110.0,30.0,3.0,4.0,9.0,0.18,90.0,0.1,1.2,320.0,35.0,1.2,25.0,12.0,0.35,0.1,220.0,220.0,60.0,0.0,35.0
M60,"Kentang, ikan, brokoli",B2,F2,220.0,7.0,110.0,30.0,3.0,4.0,9.0,0.18,90.0,0.1,1.2,320.0,35.0,1.2,25.0,12.0,0.35,0.1,220.0,220.0,60.0,0.0,35.0
M61,"Nasi, tempe, tomat, jeruk",B2,F2,220.0,7.0,110.0,30.0,3.0,4.0,9.0,0.18,90.0,0.1,1.2,320.0,35.0,1.2,25.0,12.0,0.35,0.1,220.0,220.0,60.0,0.0,35.0
M62,"Bubur kasar, ayam, sawi",B2,F2,220.0,7.0,110.0,30.0,3.0,4.0,9.0,0.18,90.0,0.1,1.2,320.0,35.0,1.2,25.0,12.0,0.35,0.1,220.0,220.0,60.0,0.0,35.0
M63,"Nasi tim kasar, telur, bayam",B2,F2,220.0,7.0,110.0,30.0,3.0,4.0,9.0,0.18,90.0,0.1,1.2,320.0,35.0,1.2,25.0,12.0,0.35,0.1,220.0,220.0,60.0,0.0,35.0
M64,"Kentang, tahu, labu kuning",B2,F2,220.0,7.0,110.0,30.0,3.0,4.0,9.0,0.18,90.0,0.1,1.2,320.0,35.0,1.2,25.0,12.0,0.35,0.1,220.0,220.0,60.0,0.0,35.0
M65,"Ubi, ayam, tomat",B2,F2,220.0,7.0,110.0,30.0,3.0,4.0,9.0,0.18,90.0,0.1,1.2,320.0,35.0,1.2,25.0,12.0,0.35,0.1,220.0,220.0,60.0,0.0,35.0
M66,"Nasi lembek, hati ayam, wortel",B2,F2,220.0,7.0,110.0,30.0,3.0,4.0,9.0,0.18,90.0,0.1,1.2,320.0,35.0,1.2,25.0,12.0,0.35,0.1,220.0,220.0,60.0,0.0,35.0
M67,"Jagung, tempe, buncis",B2,F2,220.0,7.0,110.0,30.0,3.0,4.0,9.0,0.18,90.0,0.1,1.2,320.0,35.0,1.2,25.0,12.0,0.35,0.1,220.0,220.0,60.0,0.0,35.0
M68,"Nasi, ikan, brokoli, pisang",B2,F2,220.0,7.0,110.0,30.0,3.0,4.0,9.0,0.18,90.0,0.1,1.2,320.0,35.0,1.2,25.0,12.0,0.35,0.1,220.0,220.0,60.0,0.0,35.0
M69,"Kentang, daging, bayam",B2,F2,220.0,7.0,110.0,30.0,3.0,4.0,9.0,0.18,90.0,0.1,1.2,320.0,35.0,1.2,25.0,12.0,0.35,0.1,220.0,220.0,60.0,0.0,35.0
M70,"Bubur kasar, tahu, brokoli",B2,F2,220.0,7.0,110.0,30.0,3.0,4.0,9.0,0.18,90.0,0.1,1.2,320.0,35.0,1.2,25.0,12.0,0.35,0.1,220.0,220.0,60.0,0.0,35.0
M71,"Nasi, ayam, labu siam",B2,F2,220.0,7.0,110.0,30.0,3.0,4.0,9.0,0.18,90.0,0.1,1.2,320.0,35.0,1.2,25.0,12.0,0.35,0.1,220.0,220.0,60.0,0.0,35.0
M72,"Tim kentang, hati, sawi",B2,F2,220.0,7.0,110.0,30.0,3.0,4.0,9.0,0.18,90.0,0.1,1.2,320.0,35.0,1.2,25.0,12.0,0.35,0.1,220.0,220.0,60.0,0.0,35.0
M73,"Nasi, tempe, wortel, apel",B2,F2,220.0,7.0,110.0,30.0,3.0,4.0,9.0,0.18,90.0,0.1,1.2,320.0,35.0,1.2,25.0,12.0,0.35,0.1,220.0,220.0,60.0,0.0,35.0
M74,"Ubi, ikan, brokoli, pir",B2,F2,220.0,7.0,110.0,30.0,3.0,4.0,9.0,0.18,90.0,0.1,1.2,320.0,35.0,1.2,25.0,12.0,0.35,0.1,220.0,220.0,60.0,0.0,35.0
M75,"Jagung, telur, bayam",B2,F2,220.0,7.0,110.0,30.0,3.0,4.0,9.0,0.18,90.0,0.1,1.2,320.0,35.0,1.2,25.0,12.0,0.35,0.1,220.0,220.0,60.0,0.0,35.0
M76,"Kentang, daging ayam, wortel",B2,F2,220.0,7.0,110.0,30.0,3.0,4.0,9.0,0.18,90.0,0.1,1.2,320.0,35.0,1.2,25.0,12.0,0.35,0.1,220.0,220.0,60.0,0.0,35.0
M77,"Nasi, ayam, sayur asem, buah pepaya",B2,F2,250.0,9.0,120.0,35.0,3.5,5.0,10.0,0.2,100.0,0.12,1.5,350.0,40.0,1.5,30.0,15.0,0.4,0.12,250.0,250.0,80.0,50.0,40.0
M78,"Nasi, ikan goreng, tumis bayam, jeruk",B2,F2,250.0,9.0,120.0,35.0,3.5,5.0,10.0,0.2,100.0,0.12,1.5,350.0,40.0,1.5,30.0,15.0,0.4,0.12,250.0,250.0,80.0,50.0,40.0
M79,"Nasi, telur dadar, sop wortel",B3,F3,250.0,9.0,120.0,35.0,3.5,5.0,10.0,0.2,100.0,0.12,1.5,350.0,40.0,1.5,30.0,15.0,0.4,0.12,250.0,250.0,80.0,50.0,40.0
M80,"Kentang, daging sapi, sayur lodeh",B3,F3,250.0,9.0,120.0,35.0,3.5,5.0,10.0,0.2,100.0,0.12,1.5,350.0,40.0,1.5,30.0,15.0,0.4,0.12,250.0,250.0,80.0,50.0,40.0
M81,"Nasi, tempe orek, sayur bening, pisang",B3,F3,250.0,9.0,120.0,35.0,3.5,5.0,10.0,0.2,100.0,0.12,1.5,350.0,40.0,1.5,30.0,15.0,0.4,0.12,250.0,250.0,80.0,50.0,40.0
M82,"Nasi, tahu, capcay, semangka",B3,F3,250.0,9.0,120.0,35.0,3.5,5.0,10.0,0.2,100.0,0.12,1.5,350.0,40.0,1.5,30.0,15.0,0.4,0.12,250.0,250.0,80.0,50.0,40.0
M83,"Mie telur, ayam, wortel rebus",B3,F3,250.0,9.0,120.0,35.0,3.5,5.0,10.0,0.2,100.0,0.12,1.5,350.0,40.0,1.5,30.0,15.0,0.4,0.12,250.0,250.0,80.0,50.0,40.0
M84,"Nasi, ikan, tumis brokoli, apel",B3,F3,250.0,9.0,120.0,35.0,3.5,5.0,10.0,0.2,100.0,0.12,1.5,350.0,40.0,1.5,30.0,15.0,0.4,0.12,250.0,250.0,80.0,50.0,40.0
M85,"Nasi merah, telur, sayur sop, pir",B3,F3,250.0,9.0,120.0,35.0,3.5,5.0,10.0,0.2,100.0,0.12,1.5,350.0,40.0,1.5,30.0,15.0,0.4,0.12,250.0,250.0,80.0,50.0,40.0
M86,"Nasi, ayam kecap, sawi, jeruk",B3,F3,250.0,9.0,120.0,35.0,3.5,5.0,10.0,0.2,100.0,0.12,1.5,350.0,40.0,1.5,30.0,15.0,0.4,0.12,250.0,250.0,80.0,50.0,40.0
M87,"Nasi, ikan, bayam, labu siam, apel",B3,F3,250.0,9.0,120.0,35.0,3.5,5.0,10.0,0.2,100.0,0.12,1.5,350.0,40.0,1.5,30.0,15.0,0.4,0.12,250.0,250.0,80.0,50.0,40.0
M88,"Bubur kacang hijau, roti, pisang",B3,F3,250.0,9.0,120.0,35.0,3.5,5.0,10.0,0.2,100.0,0.12,1.5,350.0,40.0,1.5,30.0,15.0,0.4,0.12,250.0,250.0,80.0,50.0,40.0
M89,"Nasi, daging giling, tumis buncis",B3,F3,250.0,9.0,120.0,35.0,3.5,5.0,10.0,0.2,100.0,0.12,1.5,350.0,40.0,1.5,30.0,15.0,0.4,0.12,250.0,250.0,80.0,50.0,40.0
M90,"Kentang, tempe, tomat, semangka",B3,F3,250.0,9.0,120.0,35.0,3.5,5.0,10.0,0.2,100.0,0.12,1.5,350.0,40.0,1.5,30.0,15.0,0.4,0.12,250.0,250.0,80.0,50.0,40.0
M91,"Nasi, tahu balado, sawi, jeruk",B3,F3,250.0,9.0,120.0,35.0,3.5,5.0,10.0,0.2,100.0,0.12,1.5,350.0,40.0,1.5,30.0,15.0,0.4,0.12,250.0,250.0,80.0,50.0,40.0
M92,"Nasi goreng, telur, timun, apel",B3,F3,250.0,9.0,120.0,35.0,3.5,5.0,10.0,0.2,100.0,0.12,1.5,350.0,40.0,1.5,30.0,15.0,0.4,0.12,250.0,250.0,80.0,50.0,40.0
M93,"Pasta, daging ayam, sayur kukus",B3,F3,250.0,9.0,120.0,35.0,3.5,5.0,10.0,0.2,100.0,0.12,1.5,350.0,40.0,1.5,30.0,15.0,0.4,0.12,250.0,250.0,80.0,50.0,40.0
M94,"Nasi, ikan, terong balado, jeruk",B3,F3,250.0,9.0,120.0,35.0,3.5,5.0,10.0,0.2,100.0,0.12,1.5,350.0,40.0,1.5,30.0,15.0,0.4,0.12,250.0,250.0,80.0,50.0,40.0
M95,"Nasi, ayam, brokoli, labu kuning",B3,F3,250.0,9.0,120.0,35.0,3.5,5.0,10.0,0.2,100.0,0.12,1.5,350.0,40.0,1.5,30.0,15.0,0.4,0.12,250.0,250.0,80.0,50.0,40.0
M96,"Roti, telur, tomat, pisang",B3,F3,250.0,9.0,120.0,35.0,3.5,5.0,10.0,0.2,100.0,0.12,1.5,350.0,40.0,1.5,30.0,15.0,0.4,0.12,250.0,250.0,80.0,50.0,40.0
M97,"Nasi, tahu, sayur nangka, pir",B3,F3,250.0,9.0,120.0,35.0,3.5,5.0,10.0,0.2,100.0,0.12,1.5,350.0,40.0,1.5,30.0,15.0,0.4,0.12,250.0,250.0,80.0,50.0,40.0
M98,"Kentang, daging, wortel, apel",B3,F3,250.0,9.0,120.0,35.0,3.5,5.0,10.0,0.2,100.0,0.12,1.5,350.0,40.0,1.5,30.0,15.0,0.4,0.12,250.0,250.0,80.0,50.0,40.0
M99,"Nasi, ayam, labu siam, semangka",B3,F3,250.0,9.0,120.0,35.0,3.5,5.0,10.0,0.2,100.0,0.12,1.5,350.0,40.0,1.5,30.0,15.0,0.4,0.12,250.0,250.0,80.0,50.0,40.0
M100,"Mie, tahu, sayur lodeh, jeruk",B3,F3,250.0,9.0,120.0,35.0,3.5,5.0,10.0,0.2,100.0,0.12,1.5,350.0,40.0,1.5,30.0,15.0,0.4,0.12,250.0,250.0,80.0,50.0,40.0
M101,"Nasi, ikan, tumis bayam, pepaya",B3,F3,250.0,9.0,120.0,35.0,3.5,5.0,10.0,0.2,100.0,0.12,1.5,350.0,40.0,1.5,30.0,15.0,0.4,0.12,250.0,250.0,80.0,50.0,40.0
M102,"Pasta, telur, sayur sop, pisang",B3,F3,250.0,9.0,120.0,35.0,3.5,5.0,10.0,0.2,100.0,0.12,1.5,350.0,40.0,1.5,30.0,15.0,0.4,0.12,250.0,250.0,80.0,50.0,40.0
M103,"Bubur jagung, tahu, labu, pir",B3,F3,250.0,9.0,120.0,35.0,3.5,5.0,10.0,0.2,100.0,0.12,1.5,350.0,40.0,1.5,30.0,15.0,0.4,0.12,250.0,250.0,80.0,50.0,40.0
M104,"Nasi, tempe, sop ayam, jeruk",B3,F3,250.0,9.0,120.0,35.0,3.5,5.0,10.0,0.2,100.0,0.12,1.5,350.0,40.0,1.5,30.0,15.0,0.4,0.12,250.0,250.0,80.0,50.0,40.0
M105,"Nasi merah, ayam, tumis buncis, apel",B3,F3,250.0,9.0,120.0,35.0,3.5,5.0,10.0,0.2,100.0,0.12,1.5,350.0,40.0,1.5,30.0,15.0,0.4,0.12,250.0,250.0,80.0,50.0,40.0
M106,"Nasi, telur, sayur bening, semangka",B3,F3,250.0,9.0,120.0,35.0,3.5,5.0,10.0,0.2,100.0,0.12,1.5,350.0,40.0,1.5,30.0,15.0,0.4,0.12,250.0,250.0,80.0,50.0,40.0
M107,"Nasi, ikan, sayur asem, pisang",B3,F3,250.0,9.0,120.0,35.0,3.5,5.0,10.0,0.2,100.0,0.12,1.5,350.0,40.0,1.5,30.0,15.0,0.4,0.12,250.0,250.0,80.0,50.0,40.0
M108,"Nasi, daging, wortel kukus, jeruk",B3,F3,250.0,9.0,120.0,35.0,3.5,5.0,10.0,0.2,100.0,0.12,1.5,350.0,40.0,1.5,30.0,15.0,0.4,0.12,250.0,250.0,80.0,50.0,40.0
M109,"Kentang, ayam, sop sayur, pir",B3,F3,250.0,9.0,120.0,35.0,3.5,5.0,10.0,0.2,100.0,0.12,1.5,350.0,40.0,1.5,30.0,15.0,0.4,0.12,250.0,250.0,80.0,50.0,40.0
M110,"Mie, telur, tumis sawi, apel",B3,F3,250.0,9.0,120.0,35.0,3.5,5.0,10.0,0.2,100.0,0.12,1.5,350.0,40.0,1.5,30.0,15.0,0.4,0.12,250.0,250.0,80.0,50.0,40.0
M111,"Nasi, tahu, sup jagung, pepaya",B3,F3,250.0,9.0,120.0,35.0,3.5,5.0,10.0,0.2,100.0,0.12,1.5,350.0,40.0,1.5,30.0,15.0,0.4,0.12,250.0,250.0,80.0,50.0,40.0
M112,"Nasi, ayam goreng, tumis bayam, pepaya",B4,F4,270.0,10.0,130.0,38.0,4.0,5.5,11.0,0.22,110.0,0.14,1.7,370.0,45.0,1.6,35.0,16.0,0.42,0.13,270.0,270.0,90.0,60.0,45.0
M113,"Nasi, ikan, sayur lodeh, jeruk",B4,F4,270.0,10.0,130.0,38.0,4.0,5.5,11.0,0.22,110.0,0.14,1.7,370.0,45.0,1.6,35.0,16.0,0.42,0.13,270.0,270.0,90.0,60.0,45.0
M114,"Spaghetti, daging, tomat, pisang",B4,F4,270.0,10.0,130.0,38.0,4.0,5.5,11.0,0.22,110.0,0.14,1.7,370.0,45.0,1.6,35.0,16.0,0.42,0.13,270.0,270.0,90.0,60.0,45.0
M115,"Kentang, telur dadar, brokoli, apel",B4,F4,270.0,10.0,130.0,38.0,4.0,5.5,11.0,0.22,110.0,0.14,1.7,370.0,45.0,1.6,35.0,16.0,0.42,0.13,270.0,270.0,90.0,60.0,45.0
M116,"Nasi merah, tempe, sop ayam, semangka",B4,F4,270.0,10.0,130.0,38.0,4.0,5.5,11.0,0.22,110.0,0.14,1.7,370.0,45.0,1.6,35.0,16.0,0.42,0.13,270.0,270.0,90.0,60.0,45.0
M117,"Roti, telur orak-arik, tomat, jeruk",B4,F4,270.0,10.0,130.0,38.0,4.0,5.5,11.0,0.22,110.0,0.14,1.7,370.0,45.0,1.6,35.0,16.0,0.42,0.13,270.0,270.0,90.0,60.0,45.0
M118,"Nasi, daging, sayur nangka, pepaya",B4,F4,270.0,10.0,130.0,38.0,4.0,5.5,11.0,0.22,110.0,0.14,1.7,370.0,45.0,1.6,35.0,16.0,0.42,0.13,270.0,270.0,90.0,60.0,45.0
M119,"Bubur jagung, tahu, bayam, pisang",B4,F4,270.0,10.0,130.0,38.0,4.0,5.5,11.0,0.22,110.0,0.14,1.7,370.0,45.0,1.6,35.0,16.0,0.42,0.13,270.0,270.0,90.0,60.0,45.0
M120,"Nasi, ayam kecap, capcay, semangka",B4,F4,270.0,10.0,130.0,38.0,4.0,5.5,11.0,0.22,110.0,0.14,1.7,370.0,45.0,1.6,35.0,16.0,0.42,0.13,270.0,270.0,90.0,60.0,45.0
M121,"Pasta, ikan tuna, tomat, pir",B4,F4,270.0,10.0,130.0,38.0,4.0,5.5,11.0,0.22,110.0,0.14,1.7,370.0,45.0,1.6,35.0,16.0,0.42,0.13,270.0,270.0,90.0,60.0,45.0
M122,"Nasi, telur, tumis brokoli, apel",B4,F4,270.0,10.0,130.0,38.0,4.0,5.5,11.0,0.22,110.0,0.14,1.7,370.0,45.0,1.6,35.0,16.0,0.42,0.13,270.0,270.0,90.0,60.0,45.0
M123,"Kentang, hati ayam, bayam, pepaya",B4,F4,270.0,10.0,130.0,38.0,4.0,5.5,11.0,0.22,110.0,0.14,1.7,370.0,45.0,1.6,35.0,16.0,0.42,0.13,270.0,270.0,90.0,60.0,45.0
M124,"Nasi, tahu, sayur sop, jeruk",B4,F4,270.0,10.0,130.0,38.0,4.0,5.5,11.0,0.22,110.0,0.14,1.7,370.0,45.0,1.6,35.0,16.0,0.42,0.13,270.0,270.0,90.0,60.0,45.0
M125,"Roti gandum, telur, keju, pisang",B4,F4,270.0,10.0,130.0,38.0,4.0,5.5,11.0,0.22,110.0,0.14,1.7,370.0,45.0,1.6,35.0,16.0,0.42,0.13,270.0,270.0,90.0,60.0,45.0
M126,"Nasi, tempe, tumis sawi, pir",B4,F4,270.0,10.0,130.0,38.0,4.0,5.5,11.0,0.22,110.0,0.14,1.7,370.0,45.0,1.6,35.0,16.0,0.42,0.13,270.0,270.0,90.0,60.0,45.0
M127,"Mie, ayam, wortel rebus, jeruk",B4,F4,270.0,10.0,130.0,38.0,4.0,5.5,11.0,0.22,110.0,0.14,1.7,370.0,45.0,1.6,35.0,16.0,0.42,0.13,270.0,270.0,90.0,60.0,45.0
M128,"Nasi, daging giling, tumis labu siam",B4,F4,270.0,10.0,130.0,38.0,4.0,5.5,11.0,0.22,110.0,0.14,1.7,370.0,45.0,1.6,35.0,16.0,0.42,0.13,270.0,270.0,90.0,60.0,45.0
M129,"Kentang, telur, tumis kangkung, semangka",B4,F4,270.0,10.0,130.0,38.0,4.0,5.5,11.0,0.22,110.0,0.14,1.7,370.0,45.0,1.6,35.0,16.0,0.42,0.13,270.0,270.0,90.0,60.0,45.0
M130,"Nasi, ikan, sayur asem, pepaya",B4,F4,270.0,10.0,130.0,38.0,4.0,5.5,11.0,0.22,110.0,0.14,1.7,370.0,45.0,1.6,35.0,16.0,0.42,0.13,270.0,270.0,90.0,60.0,45.0
M131,"Pasta, ayam, buncis, pir",B4,F4,270.0,10.0,130.0,38.0,4.0,5.5,11.0,0.22,110.0,0.14,1.7,370.0,45.0,1.6,35.0,16.0,0.42,0.13,270.0,270.0,90.0,60.0,45.0
M132,"Nasi, tahu, sop jagung, apel",B4,F4,270.0,10.0,130.0,38.0,4.0,5.5,11.0,0.22,110.0,0.14,1.7,370.0,45.0,1.6,35.0,16.0,0.42,0.13,270.0,270.0,90.0,60.0,45.0
M133,"Jagung, telur dadar, tomat, semangka",B4,F4,270.0,10.0,130.0,38.0,4.0,5.5,11.0,0.22,110.0,0.14,1.7,370.0,45.0,1.6,35.0,16.0,0.42,0.13,270.0,270.0,90.0,60.0,45.0
M134,"Nasi, ayam, tumis kacang panjang, jeruk",B4,F4,270.0,10.0,130.0,38.0,4.0,5.5,11.0,0.22,110.0,0.14,1.7,370.0,45.0,1.6,35.0,16.0,0.42,0.13,270.0,270.0,90.0,60.0,45.0
M135,"Kentang, tempe, labu kuning, pepaya",B4,F4,270.0,10.0,130.0,38.0,4.0,5.5,11.0,0.22,110.0,0.14,1.7,370.0,45.0,1.6,35.0,16.0,0.42,0.13,270.0,270.0,90.0,60.0,45.0
M136,"Nasi, ikan, wortel, apel",B4,F4,270.0,10.0,130.0,38.0,4.0,5.5,11.0,0.22,110.0,0.14,1.7,370.0,45.0,1.6,35.0,16.0,0.42,0.13,270.0,270.0,90.0,60.0,45.0
M137,"Roti, keju, tomat, pisang",B4,F4,270.0,10.0,130.0,38.0,4.0,5.5,11.0,0.22,110.0,0.14,1.7,370.0,45.0,1.6,35.0,16.0,0.42,0.13,270.0,270.0,90.0,60.0,45.0
M138,"Nasi merah, ayam, bayam, semangka",B4,F4,270.0,10.0,130.0,38.0,4.0,5.5,11.0,0.22,110.0,0.14,1.7,370.0,45.0,1.6,35.0,16.0,0.42,0.13,270.0,270.0,90.0,60.0,45.0
M139,"Pasta, telur, sayur kukus, pir",B4,F4,270.0,10.0,130.0,38.0,4.0,5.5,11.0,0.22,110.0,0.14,1.7,370.0,45.0,1.6,35.0,16.0,0.42,0.13,270.0,270.0,90.0,60.0,45.0
M140,"Nasi, daging, sayur sop, apel",B4,F4,270.0,10.0,130.0,38.0,4.0,5.5,11.0,0.22,110.0,0.14,1.7,370.0,45.0,1.6,35.0,16.0,0.42,0.13,270.0,270.0,90.0,60.0,45.0
M141,"Mie, ikan, tumis sawi, jeruk",B4,F4,270.0,10.0,130.0,38.0,4.0,5.5,11.0,0.22,110.0,0.14,1.7,370.0,45.0,1.6,35.0,16.0,0.42,0.13,270.0,270.0,90.0,60.0,45.0
M142,"Kentang, ayam, capcay, semangka",B4,F4,270.0,10.0,130.0,38.0,4.0,5.5,11.0,0.22,110.0,0.14,1.7,370.0,45.0,1.6,35.0,16.0,0.42,0.13,270.0,270.0,90.0,60.0,45.0
M143,"Nasi, tempe orek, sayur bening, pir",B4,F4,270.0,10.0,130.0,38.0,4.0,5.5,11.0,0.22,110.0,0.14,1.7,370.0,45.0,1.6,35.0,16.0,0.42,0.13,270.0,270.0,90.0,60.0,45.0
M144,"Nasi, tahu, terong balado, pepaya",B4,F4,270.0,10.0,130.0,38.0,4.0,5.5,11.0,0.22,110.0,0.14,1.7,370.0,45.0,1.6,35.0,16.0,0.42,0.13,270.0,270.0,90.0,60.0,45.0
M1,"Pure Ubi, Smoothie Pepaya",B1,F1,103.75,0.99,11.05,21.85,0.9,14.54,1.84,33.9,11.87,0.54,2.53,66.72,15.55,0.21,2.66,31.58,0.3,0.1,18.09,4.24,10.169999999999998,0.0,0.0
M2,"Pure Brokoli Wortel, Pure Beras Merah Melon",B1,F1,53.59,1.36,13.61,8.71,0.54,2.97,1.79,38.28,64.92,0.26,0.36,71.15,13.04,0.05,0.62,6.55,0.08,0.05,3.69,0.57,2.27,0.0,3.12
M3,"Bubur Susu Stroberi, Bubur Saring Tuna",B1,F1,114.47,1.89,24.520000000000003,20.85,0.78,2.06,3.72,13.62,261.52,0.93,0.81,146.43,38.43,0.75,0.45,0.7,0.08,0.14,4.2,4.05,0.0,0.0,0.0
M4,"Pure Apel, Pure Jagung Bayam Tahu",B1,F1,19.200000000000003,0.32,4.109999999999999,3.5,0.13,0.34,0.62,2.27,43.97,0.16,0.14,24.49,6.45,0.12,0.08,0.12,0.01,0.02,0.7,0.68,0.0,0.0,0.0
M5,"Pure Apel Pisang, Bubur Saring Tuna",B1,F1,65.49000000000001,2.1900000000000004,31.18,8.879999999999999,0.0,0.0,2.75,28.07,140.33,0.32,0.44,118.22,18.43,0.0,0.0,0.45,0.05,0.05,0.0,0.0,0.0,0.0,0.0
M6,"Pure Apel Merah Sari Jeruk, Pure Beras Apricot",B1,F1,68.42999999999999,0.86,5.6,13.58,0.09,0.02,1.24,0.0,148.75,0.47,0.35,67.37,36.05,0.87,0.0,0.42,0.08,0.06,0.0,0.0,0.0,0.0,0.0
M7,"Sup Kacang Polong, Pure Beras Merah Melon",B1,F1,121.87,1.47,44.68,24.05,1.16,2.53,2.47,53.5,86.97,0.42,0.27,85.5,16.15,0.05,0.23,36.05,0.29,0.08,10.17,0.0,7.91,0.0,3.12
M8,"Pure Talas Apel, Pure Sukun Kacang Merah",B1,F1,184.07,0.93,65.24000000000001,39.84,2.33,5.22,2.8,48.93,39.61,0.6,0.19,65.24000000000001,6.99,0.1,0.47,73.63,0.54,0.12,20.97,0.0,16.310000000000002,0.0,0.0
M9,"Pure Jagung Peach, Tim Lele",B1,F1,35.04,0.1699999999999999,12.420000000000002,7.59,0.44,1.0,0.53,9.31,7.540000000000001,0.11,0.03,12.420000000000002,1.33,0.02,0.09,14.02,0.11,0.02,3.99,0.0,3.1,0.0,0.0
M10,"Sup Kacang Polong, Pure Ayam Brokoli",B1,F1,70.7,0.73,16.8,13.98,0.1699999999999999,2.92,1.52,5.069999999999999,120.92,0.7,0.26,134.57999999999998,24.67,0.0699999999999999,0.6699999999999999,0.35,0.12,0.05,2.1,1.93,0.0,0.0,0.0
